                  epoch,         train/box_loss,         train/seg_loss,         train/cls_loss,         train/dfl_loss,   metrics/precision(B),      metrics/recall(B),       metrics/mAP50(B),    metrics/mAP50-95(B),   metrics/precision(M),      metrics/recall(M),       metrics/mAP50(M),    metrics/mAP50-95(M),           val/box_loss,           val/seg_loss,           val/cls_loss,           val/dfl_loss,                 lr/pg0,                 lr/pg1,                 lr/pg2
                      1,                0.65133,                0.77547,                0.92408,                 1.0489,                 0.9902,                0.92661,                0.98919,                0.86778,                 0.9902,                0.92661,                0.98823,                 0.9376,                0.53477,                0.45804,                  4.785,                0.91915,             0.00065728,             0.00065728,             0.00065728
                      2,                0.66631,                0.51709,                0.55912,                 1.0273,                0.95699,                0.81651,                0.93516,                 0.7076,                0.94624,                0.80734,                0.92591,                0.72753,                0.74084,                 0.8723,                 2.7833,                 1.1486,              0.0013152,              0.0013152,              0.0013152
                      3,                0.63529,                0.50649,                0.53292,                 1.0058,                0.02134,                0.09174,                0.00335,                 0.0006,                0.00925,                 0.0367,                0.00172,                0.00068,                 3.8007,                 0.9791,                 7.6327,                 4.0325,              0.0019643,              0.0019643,              0.0019643
                      4,                0.64466,                0.52271,                0.51751,                 1.0261,                0.39579,                0.50459,                0.31372,                0.09118,                0.34806,                0.31193,                0.23521,                0.05339,                 2.5585,                 5.5468,                 3.3281,                 2.2717,              0.0019604,              0.0019604,              0.0019604
                      5,                0.58845,                 0.4604,                0.46213,                0.99143,                0.95539,                      1,                  0.995,                0.92305,                0.95539,                      1,                  0.995,                 0.9154,                0.49635,                0.20199,                0.75015,                0.75728,              0.0019604,              0.0019604,              0.0019604
                      6,                0.57401,                0.47815,                0.43632,                0.98805,                0.92598,                      1,                0.99023,                0.86976,                0.92598,                      1,                0.99023,                0.93803,                0.43936,                 0.2099,                0.76438,                0.76988,              0.0019472,              0.0019472,              0.0019472
                      7,                0.51784,                0.44089,                0.40769,                 0.9519,                0.99696,                      1,                  0.995,                 0.9096,                0.99696,                      1,                  0.995,                0.97496,                0.44582,                 0.1954,                0.50478,                0.73868,               0.001934,               0.001934,               0.001934
                      8,                 0.5152,                 0.4136,                0.39899,                0.96125,                0.99926,                      1,                  0.995,                0.94128,                0.99926,                      1,                  0.995,                0.96063,                0.42574,                0.15126,                0.48512,                0.72768,              0.0019208,              0.0019208,              0.0019208
                      9,                0.48065,                0.43436,                0.37149,                0.94561,                0.99911,                      1,                  0.995,                0.93226,                0.99911,                      1,                  0.995,                0.94271,                0.38887,                0.17353,                0.34965,                0.73703,              0.0019076,              0.0019076,              0.0019076
                     10,                0.47746,                0.39269,                0.36898,                 0.9409,                0.99946,                      1,                  0.995,                0.93805,                0.99946,                      1,                  0.995,                 0.9949,                0.34131,                0.15945,                0.30057,                0.73009,              0.0018944,              0.0018944,              0.0018944
                     11,                0.46049,                0.39569,                0.35517,                0.92613,                0.99931,                      1,                  0.995,                0.96888,                0.99931,                      1,                  0.995,                0.99481,                0.25643,                0.17119,                0.48215,                0.66417,              0.0018812,              0.0018812,              0.0018812
                     12,                0.45114,                0.39933,                0.33932,                0.93965,                0.99929,                      1,                  0.995,                0.93749,                0.99929,                      1,                  0.995,                0.92983,                0.44658,                0.16867,                0.39247,                0.76324,               0.001868,               0.001868,               0.001868
                     13,                0.44246,                 0.3712,                0.32736,                0.92356,                0.99902,                      1,                  0.995,                0.92667,                0.99902,                      1,                  0.995,                0.86894,                0.59792,                0.15429,                  0.694,                0.81663,              0.0018548,              0.0018548,              0.0018548
                     14,                0.44418,                0.36935,                0.33536,                0.93106,                0.99714,                      1,                  0.995,                0.96071,                0.99714,                      1,                  0.995,                0.99081,                0.31712,                0.17067,                0.35749,                0.69878,              0.0018416,              0.0018416,              0.0018416
                     15,                 0.4388,                0.37484,                0.33377,                0.93572,                0.99929,                      1,                  0.995,                0.94414,                0.99929,                      1,                  0.995,                  0.995,                0.34242,                0.14882,                0.31847,                0.69533,              0.0018284,              0.0018284,              0.0018284
                     16,                0.43486,                0.36473,                0.32387,                0.93273,                0.99924,                      1,                  0.995,                0.93284,                0.99924,                      1,                  0.995,                0.93159,                0.41284,                0.16424,                0.47244,                0.72943,              0.0018152,              0.0018152,              0.0018152
                     17,                0.43262,                0.36865,                0.32562,                0.92558,                0.99939,                      1,                  0.995,                0.93187,                0.99939,                      1,                  0.995,                0.96327,                0.40943,                0.16434,                0.27261,                0.73885,               0.001802,               0.001802,               0.001802
                     18,                0.42643,                0.37038,                0.32031,                0.91694,                0.99918,                      1,                  0.995,                0.94848,                0.99918,                      1,                  0.995,                0.98498,                0.38106,                0.16335,                0.32415,                0.73947,              0.0017888,              0.0017888,              0.0017888
                     19,                0.39957,                0.34261,                0.29825,                0.91619,                0.99836,                      1,                  0.995,                0.98291,                0.99836,                      1,                  0.995,                0.99236,                0.24997,                0.15075,                0.26514,                0.67031,              0.0017756,              0.0017756,              0.0017756
                     20,                 0.4204,                0.35456,                0.31684,                0.92572,                0.99927,                      1,                  0.995,                0.93773,                0.99927,                      1,                  0.995,                0.98445,                0.34313,                0.14785,                0.50201,                0.70924,              0.0017624,              0.0017624,              0.0017624
                     21,                0.39608,                0.34262,                0.30108,                0.91095,                0.99946,                      1,                  0.995,                0.97387,                0.99946,                      1,                  0.995,                0.99373,                0.28684,                0.15023,                0.37756,                0.67607,              0.0017492,              0.0017492,              0.0017492
                     22,                0.39895,                0.35675,                0.29296,                0.91057,                0.99948,                      1,                  0.995,                 0.9787,                0.99948,                      1,                  0.995,                0.99465,                0.25083,                0.14193,                0.21755,                0.67378,               0.001736,               0.001736,               0.001736
                     23,                0.38414,                0.32737,                0.28364,                0.91137,                0.99941,                      1,                  0.995,                0.95698,                0.99941,                      1,                  0.995,                0.90395,                0.38224,                0.16305,                0.35555,                0.71095,              0.0017228,              0.0017228,              0.0017228
                     24,                0.37109,                0.33527,                0.28192,                0.89612,                0.99929,                      1,                  0.995,                0.98633,                0.99929,                      1,                  0.995,                0.99333,                0.24068,                 0.1677,                0.31576,                0.66179,              0.0017096,              0.0017096,              0.0017096
                     25,                0.37692,                0.33654,                 0.2842,                0.90776,                0.99924,                      1,                  0.995,                0.98598,                0.99924,                      1,                  0.995,                0.99494,                0.22718,                0.14203,                0.43739,                0.66366,              0.0016964,              0.0016964,              0.0016964
                     26,                0.37597,                0.32812,                0.27353,                0.90602,                0.99914,                      1,                  0.995,                0.97858,                0.99914,                      1,                  0.995,                  0.995,                0.25382,                0.17126,                0.22081,                0.66601,              0.0016832,              0.0016832,              0.0016832
                     27,                0.38017,                0.35551,                0.27381,                0.90212,                0.99943,                      1,                  0.995,                0.96015,                0.99943,                      1,                  0.995,                0.99054,                0.27909,                0.16943,                0.25642,                0.67607,                0.00167,                0.00167,                0.00167
                     28,                0.38199,                 0.3412,                0.27732,                0.90304,                0.99922,                      1,                  0.995,                0.98178,                0.99922,                      1,                  0.995,                  0.995,                0.22812,                0.17668,                0.37142,                0.67788,              0.0016568,              0.0016568,              0.0016568
                     29,                0.37414,                0.33384,                0.26955,                0.90001,                 0.9995,                      1,                  0.995,                0.98887,                 0.9995,                      1,                  0.995,                0.99264,                0.23373,                0.18036,                  0.178,                0.66486,              0.0016436,              0.0016436,              0.0016436
                     30,                0.36249,                0.31808,                0.26641,                0.89829,                0.99941,                      1,                  0.995,                0.97862,                0.99941,                      1,                  0.995,                0.99025,                0.26977,                0.15781,                0.27329,                0.66934,              0.0016304,              0.0016304,              0.0016304
                     31,                0.36934,                0.33078,                0.26987,                0.90441,                0.99828,                      1,                  0.995,                0.98422,                0.99828,                      1,                  0.995,                  0.995,                0.23845,                0.15698,                 0.2081,                0.65657,              0.0016172,              0.0016172,              0.0016172
                     32,                0.37312,                0.31821,                0.26741,                0.90591,                0.99926,                      1,                  0.995,                0.98273,                0.99926,                      1,                  0.995,                0.99499,                0.22575,                0.13741,                0.24416,                0.65521,               0.001604,               0.001604,               0.001604
                     33,                0.37802,                0.31595,                0.27536,                0.90413,                0.97988,                      1,                0.99491,                  0.981,                0.97988,                      1,                0.99491,                0.99281,                0.29155,                0.13318,                 0.2948,                0.69084,              0.0015908,              0.0015908,              0.0015908
                     34,                0.35135,                0.32442,                0.25422,                0.89229,                0.99927,                      1,                  0.995,                0.98405,                0.99927,                      1,                  0.995,                 0.9853,                0.24874,                0.14243,                0.29372,                0.66663,              0.0015776,              0.0015776,              0.0015776
                     35,                 0.3453,                0.31582,                0.24967,                0.89123,                0.99914,                      1,                  0.995,                0.93392,                0.99914,                      1,                  0.995,                0.94013,                0.46947,                0.17097,                0.82905,                0.73681,              0.0015644,              0.0015644,              0.0015644
                     36,                0.36051,                0.32086,                0.26545,                0.89812,                0.99941,                      1,                  0.995,                0.98725,                0.99941,                      1,                  0.995,                0.99472,                0.22879,                 0.1541,                0.25467,                0.65872,              0.0015512,              0.0015512,              0.0015512
                     37,                0.35278,                 0.3067,                0.25762,                0.89111,                0.99841,                      1,                  0.995,                0.97423,                0.99841,                      1,                  0.995,                0.99057,                0.26518,                0.15429,                0.29855,                0.65594,               0.001538,               0.001538,               0.001538
                     38,                0.34243,                0.30666,                0.24758,                0.89841,                0.99923,                      1,                  0.995,                0.97487,                0.99923,                      1,                  0.995,                0.99454,                0.28697,                0.15808,                0.38144,                0.67182,              0.0015248,              0.0015248,              0.0015248
                     39,                0.34879,                0.31231,                0.25772,                0.89394,                0.98994,                      1,                0.99482,                 0.9793,                0.98994,                      1,                0.99482,                0.99482,                0.28017,                0.18126,                0.23769,                0.67318,              0.0015116,              0.0015116,              0.0015116
                     40,                0.34764,                0.32143,                0.25129,                0.88864,                0.99939,                      1,                  0.995,                 0.9909,                0.99939,                      1,                  0.995,                  0.995,                0.22798,                0.13821,                 0.2189,                0.65772,              0.0014984,              0.0014984,              0.0014984
                     41,                0.33419,                0.29926,                0.24181,                0.89042,                0.99946,                      1,                  0.995,                  0.971,                0.99946,                      1,                  0.995,                0.94023,                0.36553,                0.15365,                 0.2584,                0.70669,              0.0014852,              0.0014852,              0.0014852
                     42,                0.32634,                0.29777,                0.24296,                0.87876,                0.99937,                      1,                  0.995,                0.98506,                0.99937,                      1,                  0.995,                  0.995,                0.24296,                0.14138,                0.25581,                0.66507,               0.001472,               0.001472,               0.001472
                     43,                0.33221,                0.30303,                0.24234,                0.89235,                 0.9995,                      1,                  0.995,                0.99001,                 0.9995,                      1,                  0.995,                0.98934,                0.21914,                0.13434,                0.16814,                0.65233,              0.0014588,              0.0014588,              0.0014588
                     44,                0.33576,                0.29001,                 0.2426,                0.88502,                0.99947,                      1,                  0.995,                  0.981,                0.99947,                      1,                  0.995,                0.99281,                0.25763,                0.13178,                0.20002,                0.65701,              0.0014456,              0.0014456,              0.0014456
                     45,                0.32867,                 0.3022,                0.23888,                0.89116,                0.99924,                      1,                  0.995,                0.98892,                0.99924,                      1,                  0.995,                 0.9924,                0.22893,                0.13755,                0.23916,                 0.6656,              0.0014324,              0.0014324,              0.0014324
                     46,                0.32406,                0.29464,                0.23535,                0.88558,                0.99935,                      1,                  0.995,                0.98244,                0.99935,                      1,                  0.995,                0.99278,                0.21192,                0.13675,                0.23373,                 0.6466,              0.0014192,              0.0014192,              0.0014192
                     47,                  0.331,                0.30047,                0.23313,                0.88193,                0.99951,                      1,                  0.995,                0.99095,                0.99951,                      1,                  0.995,                0.98982,                0.19413,                0.22805,                 0.1572,                0.64349,               0.001406,               0.001406,               0.001406
                     48,                0.32113,                0.29695,                0.23231,                0.88087,                0.99938,                      1,                  0.995,                0.99141,                0.99938,                      1,                  0.995,                  0.995,                 0.1951,                0.13976,                0.29656,                 0.6407,              0.0013928,              0.0013928,              0.0013928
                     49,                0.33705,                0.29966,                0.24173,                0.89159,                0.99941,                      1,                  0.995,                0.99245,                0.99941,                      1,                  0.995,                0.99419,                0.21121,                0.17639,                0.24648,                0.66021,              0.0013796,              0.0013796,              0.0013796
                     50,                0.32034,                 0.2879,                0.23412,                0.88479,                0.99946,                      1,                  0.995,                0.99199,                0.99946,                      1,                  0.995,                  0.995,                0.22273,                0.15494,                 0.2225,                0.65803,              0.0013664,              0.0013664,              0.0013664
                     51,                 0.3225,                0.28064,                0.22948,                0.88313,                0.99948,                      1,                  0.995,                0.98912,                0.99948,                      1,                  0.995,                 0.9949,                0.24587,                0.15695,                0.18972,                0.67167,              0.0013532,              0.0013532,              0.0013532
                     52,                0.32011,                0.28525,                0.23245,                0.88557,                0.99919,                      1,                  0.995,                0.97514,                0.99919,                      1,                  0.995,                0.99263,                0.29323,                 0.1248,                0.23636,                0.68436,                0.00134,                0.00134,                0.00134
                     53,                0.32127,                0.28938,                0.22852,                0.88403,                0.99901,                      1,                  0.995,                0.99092,                0.99901,                      1,                  0.995,                0.99278,                0.20369,                0.13287,                 0.3014,                0.66209,              0.0013268,              0.0013268,              0.0013268
                     54,                0.31688,                0.28336,                0.22835,                0.88023,                0.99915,                      1,                  0.995,                0.99169,                0.99915,                      1,                  0.995,                0.96976,                0.22651,                0.15986,                0.35203,                0.65316,              0.0013136,              0.0013136,              0.0013136
                     55,                0.31886,                0.30408,                0.22389,                0.89186,                0.99937,                      1,                  0.995,                0.98812,                0.99937,                      1,                  0.995,                0.99429,                0.18761,                0.14774,                0.14987,                0.65013,              0.0013004,              0.0013004,              0.0013004
                     56,                0.31737,                0.30848,                 0.2233,                0.87881,                0.99945,                      1,                  0.995,                0.99307,                0.99945,                      1,                  0.995,                0.99051,                0.19945,                0.19892,                0.16866,                0.64467,              0.0012872,              0.0012872,              0.0012872
                     57,                0.32617,                0.30285,                0.22562,                0.88438,                0.99945,                      1,                  0.995,                0.99035,                0.99945,                      1,                  0.995,                  0.995,                0.18903,                0.14138,                0.15447,                0.64595,               0.001274,               0.001274,               0.001274
                     58,                0.31861,                0.28863,                0.22721,                0.88329,                0.99888,                      1,                  0.995,                0.97948,                0.99888,                      1,                  0.995,                  0.995,                0.24378,                0.12542,                 0.4026,                0.65273,              0.0012608,              0.0012608,              0.0012608
                     59,                0.30894,                0.29111,                 0.2189,                0.88157,                0.99834,                      1,                  0.995,                 0.9869,                0.99834,                      1,                  0.995,                  0.995,                 0.1894,                   0.14,                0.21229,                0.65677,              0.0012476,              0.0012476,              0.0012476
                     60,                0.32162,                0.28912,                0.23518,                 0.8829,                0.99943,                      1,                  0.995,                0.99407,                0.99943,                      1,                  0.995,                  0.995,                0.18117,                0.15457,                0.17183,                0.64238,              0.0012344,              0.0012344,              0.0012344
                     61,                0.31813,                0.29184,                0.21704,                0.88117,                0.99944,                      1,                  0.995,                0.99115,                0.99944,                      1,                  0.995,                 0.9944,                0.20316,                0.13719,                0.17418,                0.65067,              0.0012212,              0.0012212,              0.0012212
                     62,                0.30735,                0.28664,                0.21568,                0.87902,                0.99949,                      1,                  0.995,                0.99065,                0.99949,                      1,                  0.995,                  0.995,                0.21874,                0.13257,                0.15843,                0.65145,               0.001208,               0.001208,               0.001208
                     63,                0.30798,                0.27943,                0.22372,                0.87571,                0.99942,                      1,                  0.995,                0.98684,                0.99942,                      1,                  0.995,                  0.995,                0.19817,                0.12601,                 0.2228,                0.64972,              0.0011948,              0.0011948,              0.0011948
                     64,                0.28944,                0.27103,                 0.2122,                0.86481,                0.99939,                      1,                  0.995,                0.99096,                0.99939,                      1,                  0.995,                  0.995,                0.17336,                0.13408,                0.23608,                0.64237,              0.0011816,              0.0011816,              0.0011816
                     65,                0.30667,                0.27604,                0.22041,                0.88002,                0.99919,                      1,                  0.995,                0.99022,                0.99919,                      1,                  0.995,                  0.995,                0.17811,                0.13464,                0.57915,                0.63615,              0.0011684,              0.0011684,              0.0011684
                     66,                0.30456,                0.27779,                0.21876,                0.87201,                0.99916,                      1,                  0.995,                0.99398,                0.99916,                      1,                  0.995,                  0.995,                0.21715,                0.13156,                0.25511,                   0.65,              0.0011552,              0.0011552,              0.0011552
                     67,                0.30292,                0.28639,                0.22296,                0.87696,                0.99942,                      1,                  0.995,                0.99108,                0.99942,                      1,                  0.995,                0.98902,                 0.2103,                0.13827,                0.20344,                0.65294,               0.001142,               0.001142,               0.001142
                     68,                0.30405,                0.28297,                0.21833,                0.87547,                0.99949,                      1,                  0.995,                0.98907,                0.99949,                      1,                  0.995,                 0.9949,                0.16716,                 0.1495,                0.14189,                0.63932,              0.0011288,              0.0011288,              0.0011288
                     69,                0.29296,                0.26016,                0.20967,                0.87745,                0.99947,                      1,                  0.995,                0.98992,                0.99947,                      1,                  0.995,                  0.995,                0.20024,                0.13219,                0.17402,                0.64311,              0.0011156,              0.0011156,              0.0011156
                     70,                0.29078,                0.27106,                 0.2104,                0.87554,                0.99943,                      1,                  0.995,                0.98787,                0.99943,                      1,                  0.995,                  0.995,                0.19469,                0.12655,                 0.1751,                0.64055,              0.0011024,              0.0011024,              0.0011024
                     71,                0.29268,                0.25899,                 0.2077,                0.87581,                0.99942,                      1,                  0.995,                0.99168,                0.99942,                      1,                  0.995,                  0.995,                0.19875,                0.13411,                0.15983,                0.64749,              0.0010892,              0.0010892,              0.0010892
                     72,                0.30258,                0.27404,                0.21864,                 0.8734,                0.99949,                      1,                  0.995,                 0.9831,                0.99949,                      1,                  0.995,                  0.995,                0.25245,                0.12034,                0.18426,                 0.6558,               0.001076,               0.001076,               0.001076
                     73,                0.28529,                0.27131,                0.20431,                0.86753,                 0.9995,                      1,                  0.995,                0.99243,                 0.9995,                      1,                  0.995,                0.99479,                0.17927,                0.13368,                0.15371,                0.63662,              0.0010628,              0.0010628,              0.0010628
                     74,                0.29192,                0.27816,                0.21184,                0.87313,                0.99948,                      1,                  0.995,                0.99186,                0.99948,                      1,                  0.995,                0.99176,                0.20582,                0.15611,                0.18626,                0.64906,              0.0010496,              0.0010496,              0.0010496
                     75,                0.28436,                0.27393,                0.20424,                0.87469,                0.99944,                      1,                  0.995,                0.99054,                0.99944,                      1,                  0.995,                0.99422,                0.21411,                0.13061,                0.15766,                 0.6423,              0.0010364,              0.0010364,              0.0010364
                     76,                0.28536,                0.26387,                0.20205,                0.87232,                0.99948,                      1,                  0.995,                 0.9925,                0.99948,                      1,                  0.995,                  0.995,                0.20904,                 0.1218,                0.16216,                0.64848,              0.0010232,              0.0010232,              0.0010232
                     77,                0.28351,                0.25538,                0.20645,                0.88099,                0.99949,                      1,                  0.995,                0.99231,                0.99949,                      1,                  0.995,                0.99239,                0.17234,                0.12878,                0.15778,                0.63956,                0.00101,                0.00101,                0.00101
                     78,                  0.281,                 0.2733,                0.20096,                0.87705,                0.99741,                      1,                  0.995,                0.98818,                0.99741,                      1,                  0.995,                 0.9943,                 0.2162,                 0.1514,                0.20016,                 0.6516,              0.0009968,              0.0009968,              0.0009968
                     79,                0.28457,                0.27757,                0.20367,                0.86952,                0.99942,                      1,                  0.995,                0.99096,                0.99942,                      1,                  0.995,                0.99449,                0.18637,                0.13021,                0.17125,                0.64274,              0.0009836,              0.0009836,              0.0009836
                     80,                0.28286,                 0.2563,                 0.1972,                0.87418,                0.99937,                      1,                  0.995,                0.99186,                0.99937,                      1,                  0.995,                0.99471,                0.20699,                0.12724,                0.16959,                0.64193,              0.0009704,              0.0009704,              0.0009704
                     81,                0.27913,                0.26286,                0.20051,                0.85737,                0.99886,                      1,                  0.995,                0.99368,                0.99886,                      1,                  0.995,                0.99339,                0.18768,                0.17539,                0.14151,                0.63886,              0.0009572,              0.0009572,              0.0009572
                     82,                0.27621,                0.26543,                0.19493,                0.86845,                0.99598,                      1,                  0.995,                0.99211,                0.99598,                      1,                  0.995,                  0.995,                0.20338,                0.11534,                0.14472,                0.63536,               0.000944,               0.000944,               0.000944
                     83,                0.28071,                0.26835,                0.19479,                0.86946,                0.99918,                      1,                  0.995,                0.99123,                0.99918,                      1,                  0.995,                  0.995,                 0.1924,                0.13996,                 0.1631,                0.63864,              0.0009308,              0.0009308,              0.0009308
                     84,                0.28127,                0.27055,                0.19705,                0.87306,                0.99947,                      1,                  0.995,                0.99217,                0.99947,                      1,                  0.995,                  0.995,                0.17551,                0.13816,                0.14554,                0.64198,              0.0009176,              0.0009176,              0.0009176
                     85,                0.27733,                0.25506,                0.19553,                0.86308,                0.99948,                      1,                  0.995,                0.99143,                0.99948,                      1,                  0.995,                  0.995,                0.19843,                 0.1251,                0.14232,                0.64362,              0.0009044,              0.0009044,              0.0009044
                     86,                0.27699,                0.25983,                0.19712,                 0.8707,                 0.9995,                      1,                  0.995,                0.99421,                 0.9995,                      1,                  0.995,                  0.995,                0.19196,                0.15994,                0.15231,                0.65216,              0.0008912,              0.0008912,              0.0008912
                     87,                0.27241,                0.24926,                0.19436,                0.86296,                0.99949,                      1,                  0.995,                0.98944,                0.99949,                      1,                  0.995,                  0.995,                0.21295,                0.13077,                0.14591,                0.64364,               0.000878,               0.000878,               0.000878
                     88,                0.27161,                0.25484,                0.19402,                0.87239,                0.99935,                      1,                  0.995,                0.99163,                0.99935,                      1,                  0.995,                  0.995,                 0.1899,                0.16454,                0.15409,                0.65417,              0.0008648,              0.0008648,              0.0008648
                     89,                0.27029,                0.24506,                0.19397,                0.86298,                0.99939,                      1,                  0.995,                0.98987,                0.99939,                      1,                  0.995,                0.99477,                0.18562,                0.12119,                0.14278,                0.64241,              0.0008516,              0.0008516,              0.0008516
                     90,                0.26372,                0.25351,                0.19151,                0.86027,                 0.9993,                      1,                  0.995,                0.98944,                 0.9993,                      1,                  0.995,                  0.995,                0.20711,                0.13778,                0.14865,                0.65276,              0.0008384,              0.0008384,              0.0008384
                     91,                0.27131,                0.25754,                 0.1947,                0.86693,                0.99923,                      1,                  0.995,                 0.9922,                0.99923,                      1,                  0.995,                  0.995,                0.18753,                0.13461,                0.19248,                0.64065,              0.0008252,              0.0008252,              0.0008252
                     92,                0.27528,                0.26243,                0.19321,                0.86682,                0.99928,                      1,                  0.995,                   0.99,                0.99928,                      1,                  0.995,                  0.995,                 0.1666,                 0.1536,                0.15628,                0.63631,               0.000812,               0.000812,               0.000812
                     93,                0.26309,                0.25203,                0.18804,                0.86381,                0.99908,                      1,                  0.995,                0.98878,                0.99908,                      1,                  0.995,                0.99456,                0.17766,                 0.1493,                0.27118,                0.63865,              0.0007988,              0.0007988,              0.0007988
                     94,                0.25486,                0.23878,                0.18609,                0.85779,                0.99917,                      1,                  0.995,                0.98912,                0.99917,                      1,                  0.995,                  0.995,                0.18615,                0.13928,                0.17068,                0.64472,              0.0007856,              0.0007856,              0.0007856
                     95,                0.26101,                0.25063,                0.18491,                0.85846,                0.99918,                      1,                  0.995,                0.99068,                0.99918,                      1,                  0.995,                  0.995,                0.18369,                0.13065,                0.15174,                0.63631,              0.0007724,              0.0007724,              0.0007724
                     96,                0.26457,                0.25236,                 0.1866,                0.86472,                0.99945,                      1,                  0.995,                0.99196,                0.99945,                      1,                  0.995,                0.99458,                0.18466,                0.11705,                0.14669,                0.63507,              0.0007592,              0.0007592,              0.0007592
                     97,                0.25534,                0.23856,                0.17938,                0.85729,                0.99944,                      1,                  0.995,                0.98748,                0.99944,                      1,                  0.995,                  0.995,                0.19538,                0.11914,                0.14372,                0.64573,               0.000746,               0.000746,               0.000746
                     98,                0.25223,                0.22969,                0.18253,                0.85688,                0.99937,                      1,                  0.995,                0.98866,                0.99937,                      1,                  0.995,                  0.995,                0.19023,                0.12815,                0.13449,                0.63875,              0.0007328,              0.0007328,              0.0007328
                     99,                0.26534,                0.25698,                0.19011,                 0.8663,                0.99918,                      1,                  0.995,                0.98777,                0.99918,                      1,                  0.995,                0.99484,                0.19258,                0.11055,                0.12814,                0.64459,              0.0007196,              0.0007196,              0.0007196
                    100,                0.26272,                 0.2527,                0.18675,                0.86457,                0.99892,                      1,                  0.995,                0.99081,                0.99892,                      1,                  0.995,                  0.995,                0.17448,                0.12222,                 0.1312,                  0.632,              0.0007064,              0.0007064,              0.0007064
                    101,                0.25915,                0.24149,                0.18334,                0.85494,                0.99948,                      1,                  0.995,                0.99364,                0.99948,                      1,                  0.995,                  0.995,                0.16291,                0.11556,                0.13257,                0.62407,              0.0006932,              0.0006932,              0.0006932
                    102,                0.25995,                0.25362,                0.18547,                0.85715,                0.99939,                      1,                  0.995,                0.99232,                0.99939,                      1,                  0.995,                0.99457,                0.18342,                0.11509,                0.12994,                0.63758,                0.00068,                0.00068,                0.00068
                    103,                0.25699,                0.24685,                0.18015,                0.85887,                0.99948,                      1,                  0.995,                0.99093,                0.99948,                      1,                  0.995,                0.99462,                0.20801,                0.12591,                 0.1255,                0.63777,              0.0006668,              0.0006668,              0.0006668
                    104,                0.25325,                 0.2356,                0.17792,                0.85858,                0.99896,                      1,                  0.995,                 0.9921,                0.99896,                      1,                  0.995,                  0.995,                 0.1623,                 0.1338,                0.15287,                0.62756,              0.0006536,              0.0006536,              0.0006536
                    105,                0.24854,                0.24239,                0.17383,                0.85741,                0.99918,                      1,                  0.995,                0.99298,                0.99918,                      1,                  0.995,                  0.995,                0.16058,                0.12027,                0.13721,                0.63052,              0.0006404,              0.0006404,              0.0006404
                    106,                0.25601,                0.23396,                0.17824,                0.85944,                0.99948,                      1,                  0.995,                0.99314,                0.99948,                      1,                  0.995,                  0.995,                0.15465,                0.12946,                0.13521,                0.62605,              0.0006272,              0.0006272,              0.0006272
                    107,                0.24798,                0.24852,                0.17725,                0.85654,                0.99951,                      1,                  0.995,                0.99321,                0.99951,                      1,                  0.995,                  0.995,                0.17273,                0.11243,                0.14147,                0.63194,               0.000614,               0.000614,               0.000614
                    108,                0.24332,                 0.2285,                0.17668,                0.85692,                 0.9995,                      1,                  0.995,                0.99319,                 0.9995,                      1,                  0.995,                  0.995,                0.16969,                0.10954,                0.12103,                0.63031,              0.0006008,              0.0006008,              0.0006008
                    109,                0.25366,                 0.2572,                0.17675,                 0.8583,                 0.9995,                      1,                  0.995,                0.99175,                 0.9995,                      1,                  0.995,                  0.995,                0.16931,                0.13477,                0.13126,                0.62895,              0.0005876,              0.0005876,              0.0005876
                    110,                0.25129,                0.24187,                0.17132,                 0.8578,                0.99948,                      1,                  0.995,                0.99245,                0.99948,                      1,                  0.995,                0.99467,                0.16698,                0.12225,                0.13137,                0.63201,              0.0005744,              0.0005744,              0.0005744
                    111,                0.25116,                0.24071,                0.17546,                0.85277,                0.99946,                      1,                  0.995,                0.99181,                0.99946,                      1,                  0.995,                  0.995,                0.15051,                0.11849,                0.13435,                0.62564,              0.0005612,              0.0005612,              0.0005612
                    112,                0.25149,                0.24353,                0.16789,                0.85246,                0.99937,                      1,                  0.995,                0.99174,                0.99937,                      1,                  0.995,                  0.995,                0.16776,                0.11598,                0.13058,                0.63092,               0.000548,               0.000548,               0.000548
                    113,                0.24522,                0.24034,                0.16767,                0.85686,                 0.9995,                      1,                  0.995,                0.98946,                 0.9995,                      1,                  0.995,                0.99456,                0.15887,                0.13303,                0.13871,                0.63797,              0.0005348,              0.0005348,              0.0005348
                    114,                 0.2398,                0.23315,                0.16833,                0.85526,                 0.9995,                      1,                  0.995,                0.99127,                 0.9995,                      1,                  0.995,                  0.995,                0.16553,                0.12475,                0.13562,                0.62938,              0.0005216,              0.0005216,              0.0005216
                    115,                0.24293,                0.22863,                0.16586,                0.86198,                0.99944,                      1,                  0.995,                0.99075,                0.99944,                      1,                  0.995,                0.99461,                0.16194,                0.11691,                0.12964,                0.63086,              0.0005084,              0.0005084,              0.0005084
                    116,                0.23783,                0.23372,                 0.1683,                0.85448,                0.99947,                      1,                  0.995,                0.99139,                0.99947,                      1,                  0.995,                  0.995,                0.15892,                0.13559,                0.12512,                0.62403,              0.0004952,              0.0004952,              0.0004952
                    117,                0.24017,                 0.2383,                0.16704,                0.85751,                0.99947,                      1,                  0.995,                0.99221,                0.99947,                      1,                  0.995,                  0.995,                0.17849,                0.11831,                0.12611,                0.63609,               0.000482,               0.000482,               0.000482
                    118,                0.24344,                0.24011,                 0.1689,                0.85897,                0.99895,                      1,                  0.995,                0.99198,                0.99895,                      1,                  0.995,                  0.995,                0.15238,                0.12794,                0.13497,                0.63254,              0.0004688,              0.0004688,              0.0004688
                    119,                0.23922,                0.23682,                0.16365,                0.85317,                0.99914,                      1,                  0.995,                0.99309,                0.99914,                      1,                  0.995,                  0.995,                0.14966,                0.10933,                0.13073,                0.62689,              0.0004556,              0.0004556,              0.0004556
                    120,                0.23614,                0.23134,                0.16426,                0.85641,                0.99932,                      1,                  0.995,                0.99298,                0.99932,                      1,                  0.995,                  0.995,                0.15556,                0.11333,                0.13919,                0.62814,              0.0004424,              0.0004424,              0.0004424
                    121,                 0.2413,                0.23803,                0.16739,                0.85518,                0.99914,                      1,                  0.995,                0.99301,                0.99914,                      1,                  0.995,                  0.995,                0.16525,                0.11328,                0.13698,                0.62569,              0.0004292,              0.0004292,              0.0004292
                    122,                0.22879,                0.23148,                0.16002,                0.84455,                0.99949,                      1,                  0.995,                0.99303,                0.99949,                      1,                  0.995,                  0.995,                0.14259,                0.11076,                0.13066,                0.62382,               0.000416,               0.000416,               0.000416
                    123,                0.23661,                0.21978,                0.16008,                0.85376,                0.99929,                      1,                  0.995,                0.99309,                0.99929,                      1,                  0.995,                  0.995,                 0.1759,                0.10798,                0.12874,                0.63084,              0.0004028,              0.0004028,              0.0004028
                    124,                0.23529,                0.24211,                0.15769,                0.85064,                0.99943,                      1,                  0.995,                0.99237,                0.99943,                      1,                  0.995,                  0.995,                0.16618,                0.11274,                0.11413,                0.62823,              0.0003896,              0.0003896,              0.0003896
                    125,                0.23218,                0.23323,                0.15802,                0.86052,                 0.9995,                      1,                  0.995,                0.99355,                 0.9995,                      1,                  0.995,                  0.995,                0.16948,                0.11159,                0.11426,                0.62927,              0.0003764,              0.0003764,              0.0003764
                    126,                0.22551,                0.22735,                0.15413,                0.84683,                0.99951,                      1,                  0.995,                0.99388,                0.99951,                      1,                  0.995,                  0.995,                0.15032,                0.11092,                0.10901,                0.62705,              0.0003632,              0.0003632,              0.0003632
                    127,                0.22105,                0.22194,                0.14964,                 0.8539,                0.99948,                      1,                  0.995,                 0.9933,                0.99948,                      1,                  0.995,                  0.995,                0.16865,                0.10702,                0.11489,                   0.63,                0.00035,                0.00035,                0.00035
                    128,                0.22613,                0.22537,                0.15348,                0.85359,                 0.9995,                      1,                  0.995,                0.99155,                 0.9995,                      1,                  0.995,                  0.995,                0.16796,                0.10913,                0.11084,                0.62918,              0.0003368,              0.0003368,              0.0003368
                    129,                0.22989,                0.23199,                0.15401,                0.85439,                0.99943,                      1,                  0.995,                0.99341,                0.99943,                      1,                  0.995,                  0.995,                0.15208,                0.11609,                0.10849,                0.62477,              0.0003236,              0.0003236,              0.0003236
                    130,                0.22266,                0.22102,                0.14695,                0.84912,                 0.9995,                      1,                  0.995,                0.99363,                 0.9995,                      1,                  0.995,                  0.995,                0.14912,                0.11189,                0.10938,                0.62668,              0.0003104,              0.0003104,              0.0003104
                    131,                0.22356,                0.22153,                 0.1489,                0.85433,                0.99932,                      1,                  0.995,                0.99347,                0.99932,                      1,                  0.995,                  0.995,                0.14258,                0.11265,                0.10454,                0.62742,              0.0002972,              0.0002972,              0.0002972
                    132,                 0.2273,                0.22199,                0.14993,                0.84788,                0.99946,                      1,                  0.995,                0.99287,                0.99946,                      1,                  0.995,                  0.995,                0.14667,                0.11439,                0.10847,                0.62796,               0.000284,               0.000284,               0.000284
                    133,                 0.2289,                0.21589,                 0.1538,                 0.8546,                0.99942,                      1,                  0.995,                0.99303,                0.99942,                      1,                  0.995,                  0.995,                0.14005,                0.11996,                0.10593,                0.62946,              0.0002708,              0.0002708,              0.0002708
                    134,                0.22503,                0.21463,                0.14973,                0.85688,                 0.9994,                      1,                  0.995,                0.99302,                 0.9994,                      1,                  0.995,                  0.995,                0.14577,                0.12258,                0.11314,                0.62673,              0.0002576,              0.0002576,              0.0002576
                    135,                0.22109,                  0.224,                0.15083,                0.84616,                0.99895,                      1,                  0.995,                0.99303,                0.99895,                      1,                  0.995,                  0.995,                0.15187,                0.10737,                0.12672,                0.62702,              0.0002444,              0.0002444,              0.0002444
                    136,                0.21662,                   0.22,                0.14584,                0.84619,                  0.999,                      1,                  0.995,                 0.9925,                  0.999,                      1,                  0.995,                  0.995,                0.13697,                0.11717,                0.11657,                0.62523,              0.0002312,              0.0002312,              0.0002312
